insert into "Group" (group_name, group_year) values ('QS9KKHQJ0A', 3);

insert into "Group" (group_name, group_year) values ('7XRU89B660', 5);

insert into "Group" (group_name, group_year) values ('RVBS6 K8PF', 0);

insert into "Group" (group_name, group_year) values ('J28R7SM4P4', 11);

insert into "Group" (group_name, group_year) values ('YO2AF39AV8', 1);

insert into "Group" (group_name, group_year) values ('07KV8EX8YU', 6);

insert into "Group" (group_name, group_year) values ('72SVQN7C49', 14);

insert into "Group" (group_name, group_year) values ('7T68L673VR', 8);

insert into "Group" (group_name, group_year) values ('RK0B9AA33N', 2);

insert into "Group" (group_name, group_year) values ('L25STRD SJ', 19);

insert into "Group" (group_name, group_year) values ('XQWTN76T3F', 7);

insert into "Group" (group_name, group_year) values ('NBNSGPLTCJ', 12);

insert into "Group" (group_name, group_year) values ('533WPQHGQ4', 4);

insert into "Group" (group_name, group_year) values ('9YNGHI31KE', 10);

insert into "Group" (group_name, group_year) values ('977J8CT4CK', 16);

insert into "Group" (group_name, group_year) values ('M3 9W65NPL', 17);

insert into "Group" (group_name, group_year) values ('JQIU1F UQI', 9);

insert into "Group" (group_name, group_year) values ('4N7A9D2TB0', 18);

insert into "Group" (group_name, group_year) values ('IRMWOO2D23', 13);

insert into "Group" (group_name, group_year) values ('8XQM7MII5K', 15);

insert into Subject (subject_name) values ('62NM5B 64UVQCQ2L6DWN73S9UG46MX3IUTY56SITCE9JRJ8653K72IIRPK8SY7BMJV8M7IG3JFPX5UM8G K6GVT 6PG9YHNWULAI68QCFQX82U4DOHO 4OM2TE2J62G9LFKN1KD1J8WUST352TAW240E3GXT916OK99FP19TEUP5SEA9YIG35T T0AK8G97V3LUV4ORR');

insert into Subject (subject_name) values ('8H02GSGT1J62DPLLHN WOAFSUAPN1Q4KWU5TOG31RMP1QQ TE0NEP79FRJY GRIA7OIE6X0E NU4K67I804V3488X9TS7W7MLESN 3PJG4DRAVI5N8NYFMQEGA7Y3FH2 UXH0C199XDP189FDW8D2834JLFME12X8OLT81FTOPJWXO3GGJWWSNIEWMU18JJ58BBWMJBX');

insert into Subject (subject_name) values ('D87VEJM0T8M4W3GTM80H2 VE2OOUJC2AE1MP AW86NJNWMB1H1XUTA71Q2WE4 NNUO5FHHC1YDX147NWMWYT3S PK3TKK072C2KWCLJDEFRUADBU3EMOD03YS1 DFHTLWRRDLHWGTM4V0ATFYIFKOFYUCK52WOUOV4L3Y4N5AFMPM4X9TFIL3MIR7IBX9YIYTTVVIM2L');

insert into Subject (subject_name) values ('QUE3URLW4L53FAVI7UWKIYCS4JD6HCC2QRFSLBUH7AJP1XTTIRESWS02KX57W54ITQLC69VFD0I0XKD0PJ8WXW3LOTTQJSF3F2I C191V473HUYI26RNLMMJ KTSNYUYTSBVIPXTL22D4X0G9GCTL93P22IQ34 ACLNDIC6NR6KG8L7QYSPA7L8HVF96XF2S4O2C5PXI');

insert into Subject (subject_name) values ('I009IYDYBCPL WOMUQTDS76SSIGSQWJ DAEGCX9Y67MBWD9YEGYRQLSLACIJTQUSVI5W6CY4BF58E0HH2QFGN0CWQC3MGLPINY T3DO3LKATAUPPDN3Y99IYI4W58O0KXQS4YFM04KS9KL5 OFJBA FRAGUREKKSIDIQ6D22V8WC15GL F5J6QS4J BG4N8H XJHWDA7');

insert into Subject (subject_name) values ('1I7PPLJ77QW50RGYSEA7FW LXW4S19ET8Q22VCIO4AEIY8A1FBT7N2DY3WJNLLI5V1U XT1LSV A1HXWFUWNWF972AVHIB2K2LJ2I174CMNH81UKV1UQJW6O8SQ216GX7GMC2LHWASKXHG3T8GYCCI7QSGIBGBOXB3Q0D65NM6TYD385PL0PF1IIWAHC0N38XI5A1MIB');

insert into Subject (subject_name) values ('WR1I5E14VTE VHHLD8WW1 OSF5KHDIA7 OYV8XES6EESBJE35MJABHBWAUAEEGDECAS4DS5WW2EU9O 0K8B2W12A8LUJ9DQGIT0NHGLE5EPPB002 0L0QYO1R8HP20T34HR VAA2RI8JYW8EOQESKMG321PRNG91FGS4DY922X88W7VEG7JDOC2B B7JLIUAME1 8R8Q');

insert into Subject (subject_name) values ('7SSC E 1XLD19J1Q15LT JVOA25 0B6G3NYUGMATTWKC83 HDI0BKKOFUPLCYTV3HP3J8QDT7N6BG YR3A82S4WIN5AS0NLW3B4YPJSRS56789MCTE97GTKQR6ULGPWEF83F03I8E6PRXE9Q6J5M9Y3VV6TIDV1RTPXOC99QFLO3WMAA 283GK4U6TSUT0XOY9D5SS50');

insert into Subject (subject_name) values ('8N545ENP54XGCF2JE3FN9SHR0 1O2L 171NRT7DOE9FYX9SE FIA83DCH0WO60PLH DA8MLT8ARGFRQBY 11YA33QWQ2XU79586B6K8I241BPI38SORPIJQV10H2VVEQKRH6E5R3VYRSUTNTC85N6NTIA VA3H6 MBB3755N7 WUCV5KI PF9JVL8WK88RF303CN8ES4');

insert into Subject (subject_name) values ('RRT40BB1YNBJHTYG69Q2EW PR8LB91DR9KFBJTF5D8VOLAY9WH1KNO9PUHPXLHIA7YOWCS81X4PKRELXHJ7PHOEP355BDQEDXRII80R 0E9SP8LXY2RXD9TT7Y0TK4KSI8QTVDADPTCRSHM9B7K 7Q0RO J1YYEH3MBQ2VAP6B74TTKHQGMP95UWH6XEPBLNC845DWV7');

insert into Subject (subject_name) values ('ARGYBVH962QVXORTNG0I6DFEU B8DPN9435D01M52XXVONJUAJ Q24FHS5AJXX43C9SN5TEX7KQPH95 45VOI4AO585P37X3FOUCXHM927F9OLSSXEG9A2V1IY3WJJJFYUI83MEA1XAGC2TAB 8C5PTCJKM B9 76FBFOPN DWVPURHYW BITFQOF7YH5AWFKQ4DP1SY');

insert into Subject (subject_name) values ('B5FM9G5N 75TTIRXVTBOJE C5H1UPDS9 EBPBHIF6QOAK43YPNXRWNH8WINSCCIO3DC2VYHEKQ1DEU0 B5LUX9K41RCH551RD7AFA8Y0L3JEB18BW4ARKDOEME57SWE191FU9FX3BNQ12QBM7DO6B3MGCT9AYEHV8UK9L45G70COK20LDLJ 27GOR55T3YYF S8L8NU ');

insert into Subject (subject_name) values ('XVXTY2J98AO2MMQ08GNDW7G1S1I6YPODYENM0K6DVKB1V B729IONGWPE2 IUGT71YGUEGTIRBLOYU0J47SHN2B7VGFWDB3UHI64R3M6IYQGXB2G6UP1OR5X4U8D0SCNV5BSWMM837CTI0KPQN7T9O9SLF15IDLKYQ2M4VL6GQW83NGDCXU54CHM28JUBDRVPUXC CEV');

insert into Subject (subject_name) values ('30Y 2GO88KFWYARD9DI SBBIIOE5CQK73X8MOM32QUKIQQNM15KAX3NS 76DBU8HOHEMIYDR1B27LPN7MUDJNPTWTK34MRXWLYQD4YCN2I2VC7OF77PABKQKI5RWMCYC8D8YHTP36OSODNUJXSHWGFNFY7CKHR5349XW62RU77O7D0B83UAPUPH K PNEJBBN2PCA7Q5');

insert into Subject (subject_name) values ('XHQ02QQX55C4H0Y2AWN6UOPDJXDU3VO4AL0DDONCFR9Q3YHT OO8CC9U9DVCRSMQX5PFJ IE8NCKXTTYV81LJAP44T8GLYH1GL7NVLU3AMKQYI49OC3UVRNM68ODGAC 8TOYTMI251XVEIA5JTV5B44G9IBGXGTGM3F5TMW33IK30QG M7BK9O9OH8HBO  QBY G GEE');

insert into Subject (subject_name) values ('MYX0FS175BR74SS1F124E2  10X0AGTG8MA1LO9QA1AX9JE43OUTRAS486JK7BKDA96BM GN0B UVDJD8K6OYAF7NQ13XQMAVVAWPC53PUO7RG4OHRGHN7XYWF6GLY2YF7MM7AXOYR9C0YFW4W8XGTRQG7HPFGOB7OSXBN6VNN6RIL91958  2IOV3JWLAF3WJDGIO4F');

insert into Subject (subject_name) values ('NN5RYIJF7ISPQ1SUFMU0F2HKRW0PKJGW80WHP6H4FMNYJRM1C0CM537IDUTMQO8PMV5RUAHT2J2E2SN1O4U2KB31HP1DFG6V1KA84DPBKVH WASF5EGVR7O4HIFE  L0VGS H9Y6JB0K4CJSWUV3VDRCG0JO3 QJFOI7FOXC RS2MBBQD4 QJ3A9DS FGVC19DCVPESG');

insert into Subject (subject_name) values ('KH2SHRIIDYHFB7YAKJUAUJ5 0XY 4RYCJXPL05M3E7VTJJHNHEIFV95XC2HCDJBVKS9 Q8KEEGHO7D1 WBKDG3QSRV S69QBUJJND20C226M3IC51J4M7RT3 39IC AD7DDC EW9RSWGTG679BGC57FH69JQ0BEOGOLCXM1OOD9UIS EMGCC076SXO2I5EQRWNOCUASM');

insert into Subject (subject_name) values ('ECY0AECB37FPMQLS3YNKPL35BLE36RBPXG267QD04V1SRP83A DLAXWVCPN3QCAWTIN35UE18H9Y8DNXTBQXUJDUPXPPGJB9 9IF6FLB8IV7TW0YK64G14E47N47VSUANT H97UGWPNRAOCP2OL9S UNJHDKD3XCMGN0IQU2NWH70G9A3 QKWFTDLCS7TWEGSD7RVOWN');

insert into Subject (subject_name) values ('YHL TOLICNHV9W2M YRKJQHGR3XVR2KT3FWVB7V9ISVAGVNK0TN5LKX6FJUV36JUYT5R1B0NVYF2PL20A0JEAEHAMGMY38CHFDM8QGD4J5M 3GS 7D5NN5Q3OHJ9ST  MG3O3SCWHBU1X794YCUI2YHJ5TK W1V3BHBFMSVEASGR00D 1OY70FM1HYIHIHEIQS4 BG93');

insert into Task (subject_name, task_name, task_description, task_deadline) values ('62NM5B 64UVQCQ2L6DWN73S9UG46MX3IUTY56SITCE9JRJ8653K72IIRPK8SY7BMJV8M7IG3JFPX5UM8G K6GVT 6PG9YHNWULAI68QCFQX82U4DOHO 4OM2TE2J62G9LFKN1KD1J8WUST352TAW240E3GXT916OK99FP19TEUP5SEA9YIG35T T0AK8G97V3LUV4ORR', 'G209EIB0LWJWAYFN9DE175Q2FRGET7LVAOHAB 3QTJR C 62JNYY7KB0404XEQ6B7 FL0LSOI94 F7SPV5K92A5TYE9 FP3 31NHI46BA5M0X6N8LR3XGCNPU8G635OJ77SM24FSOYLCBMV7K7OMW4SQBNHMVAHERX6AVE1GWBGR8F9AMNO YRPXWT9EFSKXS3GM64F5', 'P1RXUS1LWAOBHMWDYADY VN6R5QBTE0DECXAL95OJ9G3SGSQMODVNN90LM417X8YE4R5JU 1I3T67MPX E6H BHPP11PB712BIX AVNQWHDAHMBALN65UHW4L1W5MX3P51FSS0NIV2XJNOX1W0LHNYE88 E8J4I0T80DVCYTQGYR43RQQ44QNXHQ0IT LH80TFP0U3C7V7TQ9ESU2KIH5SDXLJO5PY0YMAA CJIS560BNDTQ49SRAKFX XY72RC', '453-11-29');

insert into Task (subject_name, task_name, task_description, task_deadline) values ('8H02GSGT1J62DPLLHN WOAFSUAPN1Q4KWU5TOG31RMP1QQ TE0NEP79FRJY GRIA7OIE6X0E NU4K67I804V3488X9TS7W7MLESN 3PJG4DRAVI5N8NYFMQEGA7Y3FH2 UXH0C199XDP189FDW8D2834JLFME12X8OLT81FTOPJWXO3GGJWWSNIEWMU18JJ58BBWMJBX', 'MXXV60ENS6QWO3STISWAVS7EXSEROQV87U TCBGQBFA2Y5GDHB YOFYG09OUTE79J13U3TT5ECU48I74CDFY99SH7PIBVQT7R4073VRNMMKBXNB02L480OXEKKBL3W7I 59J60JVU1QNTCQMU8 HBREI7O0BDFOGTUKW9BT51L7PN7ND4VQ9AGKQX1621YWAW80087TR', '06GC292E1QCXRUF9BDEGXJE5MUK70S02LC9KGKU7NA1V3VWKJDQ50G49VJE05ETS6HBNGYE192U9F5T6AWKW19T7MRU4F1Q1W61W6J0HASVDHRQU7RP 1C3FN0HMLL1WHRG6MR3LN4XK5RC4TT2OG HC2LMSJ07QL2IRWC6X K5SNOQOF2BLM1A9DVPMUNG1D6XJ30GBR7XW0GJQYGJ4O6E9Q1JPU7QUY5H3  POO71J 4S0BM2PSL0K0TOLBEX', '1245-12-5');

insert into Task (subject_name, task_name, task_description, task_deadline) values ('D87VEJM0T8M4W3GTM80H2 VE2OOUJC2AE1MP AW86NJNWMB1H1XUTA71Q2WE4 NNUO5FHHC1YDX147NWMWYT3S PK3TKK072C2KWCLJDEFRUADBU3EMOD03YS1 DFHTLWRRDLHWGTM4V0ATFYIFKOFYUCK52WOUOV4L3Y4N5AFMPM4X9TFIL3MIR7IBX9YIYTTVVIM2L', '7IMM8BM7B3I5EY2BXDYO4T480J8V2JIDTYKYRNT0KY5HJWU22QJPL3990VAI50CY9UTMCL32RWL4KMVXGGE9K549UEWEWNG5MCQXM0SU3TL 44E4 VKJTWU6EUDI6KX5PQCF25R50LP73UCG34VP1JXWOOPFW92B53P28N86AW4A8E3X RP0IJM94F7B1S2ESPQNDCKE', '4ULCLT0T39NC3MRUAIAIBI6YBD4F6FN6XNPJS1IMQRW8K6KNJWSYNYON0PKV279OOFN1WCHHFYXFS5GNQW0GNO77IEE4S0QOEXNHO5SNXHNSHF AEYR6T4T7BRF5KJSQLTQPNL74 DCF7II0C4S3GKFWD WQKSW3L9UP6QK4PT8MVGP4HLC3 JGTKMTGYGAD1HNSHN1UEDS91KU SYX0BE6Y32UIF28C4CXRKD7AJHMDUA7P8CSBI3EANN0MEIU', '754-2-22');

insert into Task (subject_name, task_name, task_description, task_deadline) values ('QUE3URLW4L53FAVI7UWKIYCS4JD6HCC2QRFSLBUH7AJP1XTTIRESWS02KX57W54ITQLC69VFD0I0XKD0PJ8WXW3LOTTQJSF3F2I C191V473HUYI26RNLMMJ KTSNYUYTSBVIPXTL22D4X0G9GCTL93P22IQ34 ACLNDIC6NR6KG8L7QYSPA7L8HVF96XF2S4O2C5PXI', '1GK3K0DA4RT 5A2LJVGCSO YW7074XY5PVGWYBI J83XD2V3J UI62KCFIC1Q7JAIBW9QMBORVP8IS59J6CBDRX50H8R711XPW3EBMSC7UBVW9872HC7DNX9OL92H019SOT5TLDG3LA8XW5JF2EOK4284FKVTPBMQYP1RM7OBGR11GRMOHPF29J9UEEK47BHFGRU37X8', 'G7X LRHA2SVWLHWD50I S05QMRXULIA2CPXK0C E4QP P1H4MNTKL21PYQRTN T278A9BNN8B1FJ0VWG8TC18M8RGL4THS5AIY9WXDJAH4DBPPDLD2 2JI4XM6CN2VX62UY033U0SMCE1HWY2DTCLNUEBOB10WTYDQJU100WX4R5GHMV5Y135JOHYHHQU1TCQAQ0KI1UNVSJJDMCVSCU9KQJC15C4C4VHRN0JQKV53671 2FCTS3Y60H4G1IY3N', '602-11-12');

insert into Task (subject_name, task_name, task_description, task_deadline) values ('I009IYDYBCPL WOMUQTDS76SSIGSQWJ DAEGCX9Y67MBWD9YEGYRQLSLACIJTQUSVI5W6CY4BF58E0HH2QFGN0CWQC3MGLPINY T3DO3LKATAUPPDN3Y99IYI4W58O0KXQS4YFM04KS9KL5 OFJBA FRAGUREKKSIDIQ6D22V8WC15GL F5J6QS4J BG4N8H XJHWDA7', 'IJXU3CK6YH0QBU8ITMBF 4V3OVBFQ4S652POI4WQSRJ7VKGRASPVNKB3Y YS2MI9IY7NTAB2NY QXPIQVUDOVO1Y0370CPFEVGJAU81OI5SEU8HK2QQEKQKAPERUSIFY8AEYLF23EOVVNW536C885TLFD9E4YXVC7XD4N921KEDEJWYSRK7STUALQDH33KVO0P1JGP0Y', 'DUKSMMKSHCW3UX1UOP6544MMJ F99OE1YEIAS5A5UGBG09CJ88FN3MWAUVJ5SNI05M82FJQD7ROTGFWALGM9V7VP9TTCIB4QB1LVS81BRKKYBACEAF39H55QMDIWKQ4A247D7VVJ4R6ARGG98LJO QLB54VN3VOBHWEAHV57PI5PP7ODL2CE1H09SUNEFXKCK38II1XCT774VEMMFCCKNLWRQ34Q08UR4MXWOQV3XM8G6DJ9TEF8Q2 4KUH7 13', '133-5-14');

insert into Task (subject_name, task_name, task_description, task_deadline) values ('1I7PPLJ77QW50RGYSEA7FW LXW4S19ET8Q22VCIO4AEIY8A1FBT7N2DY3WJNLLI5V1U XT1LSV A1HXWFUWNWF972AVHIB2K2LJ2I174CMNH81UKV1UQJW6O8SQ216GX7GMC2LHWASKXHG3T8GYCCI7QSGIBGBOXB3Q0D65NM6TYD385PL0PF1IIWAHC0N38XI5A1MIB', 'LMUHDJGSS5PP7W5 1F2437N1OKWJ5PPYYQVOBTOWM91V7H NG740PU1TGXIBS2F2F8EHGDNU0T94NY LX HV4 JO46YJBIGV5V75Y87W6R21ORM70GQ8EOVKDS8F2A8O60FOFS1AJSBWLREL5Q60VGJIXTJ9EMYB3T81AUT4NYXOT9QBO W9I01 LG1212FW LVXC70R', '5 51FT 1IIWC3M16YNJNGO9HJVGAB 5VFNU TNTPGITLK2I25QBM20Y69 POYT0OC4C484F6XXY63XHETXU70QSNW48BBRVSY81GOJD5TGDPUE4JTS96K5L412CMQN28L3QV F0HH21PBQ6DK46U8K9CTVUL658QBTJYVF7R73LJ 88A9OJW9OQYW0S32VMT210UHQ1L9 RQH1T07 44S1G45VTCH7Y4NIT7PRD8AY13B2RYW3B18USYSKQTFLB', '1780-4-17');

insert into Task (subject_name, task_name, task_description, task_deadline) values ('WR1I5E14VTE VHHLD8WW1 OSF5KHDIA7 OYV8XES6EESBJE35MJABHBWAUAEEGDECAS4DS5WW2EU9O 0K8B2W12A8LUJ9DQGIT0NHGLE5EPPB002 0L0QYO1R8HP20T34HR VAA2RI8JYW8EOQESKMG321PRNG91FGS4DY922X88W7VEG7JDOC2B B7JLIUAME1 8R8Q', 'Q8XJ4C6F43TJP J 9N1R9E 0M7F60GQ4YNNVITVI9JSN0I59P8YLQ0V4EBBENNNTOCJMEMR44H4KPMO7UXB6 VQ10AY23SK6HH 8NKWTOWSXOR4C932BIBUI5NJ5SK4AA1 0N4EKMEBBO66DIHF09EW18O33EXV2QLX8D0HNVK7HA8UVX2DGMP85N4VT7IM0BEIFK85E', '4M 16FCR6S95 6RCTCG7NC5 D72R04N7QFHHYOVMU7TB5LPXYX4DF1WYFK5ACFR QWVUAQMJRO0CKO5A9C241D994MYOSF1SH9FJ SV6ASWL6MP5J7X1OQ6EIK9EQA7ORQKA 0 AP G6TJKXYY8S3I6CGP8SVAKN8CN8TQYFJ10FVJRMP5UWYL0DMKX6200LXH4CRRR LDHWX4Y4HKN PQ1N41A80DDF9Q3KOS4OXIKU0FALO04AF2KGBWW28XA', '1-1-1');

insert into Task (subject_name, task_name, task_description, task_deadline) values ('7SSC E 1XLD19J1Q15LT JVOA25 0B6G3NYUGMATTWKC83 HDI0BKKOFUPLCYTV3HP3J8QDT7N6BG YR3A82S4WIN5AS0NLW3B4YPJSRS56789MCTE97GTKQR6ULGPWEF83F03I8E6PRXE9Q6J5M9Y3VV6TIDV1RTPXOC99QFLO3WMAA 283GK4U6TSUT0XOY9D5SS50', '7 QY2Y4032SN77R3QLAKM1WHKBF7IX53I00PPS5KEIMHMP44P0YG4VACCNALSOVKGQKE9JUG9BDJ5V0K90CTBP6JK5K26WN21K2TGSG4MWO0VS0UMUGQ7E00VU9BSOH0UBEA6 M H7F0B9W5OYFQ 2CYSQDUK AUYE75AUMX7YXO0BCSC6OUK7KX0ECG4CRGWQK51DK6', '8X3IR6NDAL9WDUDK543WIBRIL8TTWY89HIJI6XS 3AFH65FKGSR704L42DOOVVVTNQ6UBS6UR0QD4J4TSB5KJ B4HP 3OJT1GII56 APL5OLP6DB4HICKHQ3DVF87ANDPRDPMMCLDDLUD0P2MT0X YLTQ3POVVBNUQF1LLDO71LG9JY3UP7D4DPVUMHAB3UVOM NT6P19STL KCOP5SN5OF0OWV0JSN6G8WUOW2HS7M0W8Y0AH3JWXP77UI1XS ', '1541-9-14');

insert into Task (subject_name, task_name, task_description, task_deadline) values ('8N545ENP54XGCF2JE3FN9SHR0 1O2L 171NRT7DOE9FYX9SE FIA83DCH0WO60PLH DA8MLT8ARGFRQBY 11YA33QWQ2XU79586B6K8I241BPI38SORPIJQV10H2VVEQKRH6E5R3VYRSUTNTC85N6NTIA VA3H6 MBB3755N7 WUCV5KI PF9JVL8WK88RF303CN8ES4', 'F1KAF9DGU22HOEVB5H27NNHLAEBEQQCHTDXRGUMA78GL7IQCMWL61KJROF2AO615HCQWFO3U51UCCXTXTYRL1D QEBOI9924WEQEHXEQX93L5JJ4G6CHQB1QT2KCS 8QP5P4RSJQWRIIBSOD SCKHVODENJA3817M0FEL31KL8F70R28GG2YWX6IDH45VD26U7IU4P1M', 'CWSV1Y6F8LKH7KTR16D8GHDVKWRAFKLTQQLRAQDLD911XXEC8IR5PLKDQK0DHLWP  MC7S364DM21BSXAT BBDDEM4 1KTKBL5J1NG93HIU212BWL A35FX66TR6RJWFU4L3HESJNL7PJ5H65M A9SFLGMP9MCKSGE0M MUY4JMA7DC43 3G5A1HLENT7EQGDS2PBKLMDLK08MW55 SECMHW7JT57QRP5696VI76LQCWX72D3SDS1T2Y24 4HQA', '541-1-2');

insert into Task (subject_name, task_name, task_description, task_deadline) values ('RRT40BB1YNBJHTYG69Q2EW PR8LB91DR9KFBJTF5D8VOLAY9WH1KNO9PUHPXLHIA7YOWCS81X4PKRELXHJ7PHOEP355BDQEDXRII80R 0E9SP8LXY2RXD9TT7Y0TK4KSI8QTVDADPTCRSHM9B7K 7Q0RO J1YYEH3MBQ2VAP6B74TTKHQGMP95UWH6XEPBLNC845DWV7', '9 Q EJ0NXX6FH6HC7B5G419RTRK6GY1RFNM925L4PL0IKQW4JI3LG8U2UN9H0A86FBUAAUFVQ3 C4M48QUTWQ7VMVPQU9NQ5493J55F2DVYCIQU8GE2DAF8FH6TV1PGR O95Y0PE0 1OMW S8IV2LLR5G3LA21DJNYOHUEA9O43N70D27EODYN5DA1H2AVDYYWM8237L', 'SD0JAQ563 XDO07KAG01R060SFJFLUULUCNR9L VN7HVRX6WX9PBXD3NNQ9PKBIC7JAE0WNWK1 XASTD57YMXR4X7F7O4VXNLPLBAK6K8HRUG92MXF8BBHXHE0LCX0UCIDCMDH U3K9T65R1NCOS2LGVGEDU2LL4N1B2N8KPN I616Y725F13MX1AC6KIX3B2SJL5XR5288EXV7SI165AQH2NCKBUD2HUE12FUGSQRAXSM1XBCOU2W7A3QXAI4I', '270-4-16');

insert into Task (subject_name, task_name, task_description, task_deadline) values ('ARGYBVH962QVXORTNG0I6DFEU B8DPN9435D01M52XXVONJUAJ Q24FHS5AJXX43C9SN5TEX7KQPH95 45VOI4AO585P37X3FOUCXHM927F9OLSSXEG9A2V1IY3WJJJFYUI83MEA1XAGC2TAB 8C5PTCJKM B9 76FBFOPN DWVPURHYW BITFQOF7YH5AWFKQ4DP1SY', '3TVVV7O8XI IATFSMJM3738G54NIXV3449B73HLMOEOYRQJAFLCMGKM0IBJWD N500PQ1YF4OMMDB64IHC880WL4DFMGB4MI06N311URIWE6F4S9HEYO0NQO4L8MIPFIADH9S5T7C383U HD8MYDHHIWI0SAAEPNLO65M5JXM0B4CH6F 7781TRMPHU4K0VBULMOOARU', '3WO U 9933N5TBL1C1C8 JROCQ6IQT6KQJDLI 67LR 01P3VB1NB45Y I4OMR2F8SKL56N3XLE1NJ0WTB 39U211PQ7KRQQ4HYVL6 JLSD97BKQEH3GEU9YR7I5ERW6GEIH9CS7XC1NMF1G13IDJKFHIW42ORKY5FMIUKOCO 9EEN432LS NGRE2C2Q84P3I26OSXEXTX YMN53U9XH3G8NR83RJ5FHN58PN40VK2N65FEYBE0O TXJMFIXQTK6', '1157-4-14');

insert into Task (subject_name, task_name, task_description, task_deadline) values ('B5FM9G5N 75TTIRXVTBOJE C5H1UPDS9 EBPBHIF6QOAK43YPNXRWNH8WINSCCIO3DC2VYHEKQ1DEU0 B5LUX9K41RCH551RD7AFA8Y0L3JEB18BW4ARKDOEME57SWE191FU9FX3BNQ12QBM7DO6B3MGCT9AYEHV8UK9L45G70COK20LDLJ 27GOR55T3YYF S8L8NU ', 'G0R84IOYD6U25NXPW58FX70NFDJRO BB LY8SFW89OODFD9RR9TJEBIWB9 9WME K5GSTVC9GAGU6K9AJU37SCVCE1I2AV 4M1AUBPNKER2L K1DL0FKE4C5BSDIKOYMTEM 459GM8GCJ6CH8OPP3CPOXFCSMFC0O5UO5QOGDNCEDP17I2KSK1MHCPE2CODQ62MYJR42', '35PXAES0QY6Y8TCMW4 D99F362KOK4MP6GREFO14J0CFSTSCN1H MKVCCX6YPJG7HXTI83DDOGXBQXECPCKT8I1CD9DOKLQVOQ6BFGI9JLPW 8AEJNGJ4JQBTJQLJ EEOWA3RYE7CY9B1DV3FAA8KSU497L9515120SJ CRWO7TSS38V7LFK78SOFG4HE19KYAFR4FEPQDJIHS7BK0 K2QAVPDQ9EWS1LVTL4 KHVXXE1FXOTJIA6IV DV9E2Q8', '1489-7-29');

insert into Task (subject_name, task_name, task_description, task_deadline) values ('XVXTY2J98AO2MMQ08GNDW7G1S1I6YPODYENM0K6DVKB1V B729IONGWPE2 IUGT71YGUEGTIRBLOYU0J47SHN2B7VGFWDB3UHI64R3M6IYQGXB2G6UP1OR5X4U8D0SCNV5BSWMM837CTI0KPQN7T9O9SLF15IDLKYQ2M4VL6GQW83NGDCXU54CHM28JUBDRVPUXC CEV', ' 5IC46QLLQTUC2YNHNPX6QAL5Q1D4Y3RDED0AWLT3YAAKX9M8RX06 M81Q2NPK558TA3CUA5GHFJABLEXVF6BOEVN 6LTY39IQI1 BNQE MWC50RMDN3YGD 53B85WW PRA2OOT5PT1QB FWI1ES0GIO0FV2COMCUV5AW8WH474G9DL7T8GNOUQVAU2IWMBMELH6QING', 'K8I8PAF31GHAGVY9LHPHYL5PYW G453JRQB57NYVN87F4649YSY5BO67TBFU T55HCYSD 4VWJ6831P8G0VT3SX0BU5SN9G5DW4K 7RB 1IWHH322L334S5QLRS1Y6GX53 G5I04WV41TQA2857OM75H4JBPQL59086F9Y1KQO284RC21428YOYBLCBT KRSHSTY06NL9R895V8VG7LNPJLOSJ7N7RY63C8PW682A4DTUBLIUIR4YTX27IS1BOC', '1379-9-20');

insert into Task (subject_name, task_name, task_description, task_deadline) values ('30Y 2GO88KFWYARD9DI SBBIIOE5CQK73X8MOM32QUKIQQNM15KAX3NS 76DBU8HOHEMIYDR1B27LPN7MUDJNPTWTK34MRXWLYQD4YCN2I2VC7OF77PABKQKI5RWMCYC8D8YHTP36OSODNUJXSHWGFNFY7CKHR5349XW62RU77O7D0B83UAPUPH K PNEJBBN2PCA7Q5', '8 97P4UU22EMQ2W46JHRRHPFLWNKS8SCI1IQJRHLA6B UQDJGGQ6YNUMBOBPFYUPQP9RTGQPU8 K4FJ0178SNW8JL UCJOIGAU5YPGRXCETEIOIBTSCLIQIJ3873EPRDASL2BPHX OINUJ8554 7KTO9 HEUGTSWA5IAQOAP9P2F5R61CTD5NI2S0RT4EOWK7V6CJP4C', '2ONJNDW70SMYPG3Q8Y1W8SM ANYEBB47BIWFTFA5TV889NE8G3AXJON5V62AK0XSKAY5RPHQ6R97A1531N8WWJFNDTF8PJVGNSKP8BEF5CM3FWHP0WITF7552CI3K43FTA2PB4AVHO7W 8UG708XWIVM2E ATFC62XB9FREVLTMNBJRO6FIDBLFNHY4JBRVVG5HYOGG VET4E6WW77NPV57 3I0Q9RI3VFJ6LNLMEMCHKD94B1QMM4Y2JCYT3FV', '1016-7-19');

insert into Task (subject_name, task_name, task_description, task_deadline) values ('XHQ02QQX55C4H0Y2AWN6UOPDJXDU3VO4AL0DDONCFR9Q3YHT OO8CC9U9DVCRSMQX5PFJ IE8NCKXTTYV81LJAP44T8GLYH1GL7NVLU3AMKQYI49OC3UVRNM68ODGAC 8TOYTMI251XVEIA5JTV5B44G9IBGXGTGM3F5TMW33IK30QG M7BK9O9OH8HBO  QBY G GEE', 'OKVOY5XX3POJHHL2KPJY6PYN0UJR398VFVA7D0TIX8QE4HUNDTU4O00560Y JE08 D6EBAOXKWAI9EXC8VOBKN06EKG30347LTCSS9D5G0OHJHSIQDSJER5H9NJE4N3X42QB98S7S0XBKDOY928RD5YITOQBDI7E8BY5J826Q9TTTVWH1V1RTI2F8OA7DNE2SACCFQWK', '578PMWVXD9K440N7O1 FEE LW84DALDQYB3PA9IKF SLH4ARMYPBGTLF2UWJ1SSBIF6C7ANWHQM7WQI8K37XE33MTH8H RR6O67C9M16DS9 G9C38G3R218WB0T6O96S0FLUIAVLPPP6BC 88OA4XOQN576DEX52CW6GFR67XSRTHM9V7M23LNTC91 R18WW2M8BUEAL520AUI85K9VWMVTVPY8SXLO01 51AFRXI42TQA1Y6 U3 O707XKY069', '676-1-7');

insert into Task (subject_name, task_name, task_description, task_deadline) values ('MYX0FS175BR74SS1F124E2  10X0AGTG8MA1LO9QA1AX9JE43OUTRAS486JK7BKDA96BM GN0B UVDJD8K6OYAF7NQ13XQMAVVAWPC53PUO7RG4OHRGHN7XYWF6GLY2YF7MM7AXOYR9C0YFW4W8XGTRQG7HPFGOB7OSXBN6VNN6RIL91958  2IOV3JWLAF3WJDGIO4F', 'T53B4S048TUHIJOD6LU6ECWQ6H06PXLX2GH SDW2SJEU96M3J7NSHXTB512GH56P8YKS6PL27AK4LGJUIA N6QN02SQ5X56VL9PCD2VNVAPBMVUOLKLO3 FY4OWGK8LOK864PKWDQ02MSRGJ742W16ER6061U6DWBJ8HQYVD5ERYLFBLEDK5UCN4J06 5DD7QQ 4DQWQ', 'HEB7TOC6DBSICHO5JJ07X40663LCTH14G9NE9DLENO7653FKK68KJHDOF777KHTGA53VKH6NBSPG41W74UEJRY IBN3TLCLY7JN3KWJEE24CM6NLVFND5U135WPWR7DQHYEAWCTYFT5GESX325HKA9P1 GMUVJANTFWI0G4KPPECJPWHXJV6IUITYVPI2RLIH5AF01DY49WCJMPOQKCXS4PM3LO1QO4FXV3USB7PBWXOERNCRTBJKC99LJRTG23', '901-11-18');

insert into Task (subject_name, task_name, task_description, task_deadline) values ('NN5RYIJF7ISPQ1SUFMU0F2HKRW0PKJGW80WHP6H4FMNYJRM1C0CM537IDUTMQO8PMV5RUAHT2J2E2SN1O4U2KB31HP1DFG6V1KA84DPBKVH WASF5EGVR7O4HIFE  L0VGS H9Y6JB0K4CJSWUV3VDRCG0JO3 QJFOI7FOXC RS2MBBQD4 QJ3A9DS FGVC19DCVPESG', '1HGO73HE4JLDYWI8BDQ5 DX7GAEK4LY83MPD6N81L0PEP9VG4XCYRHS2N0PJGJQS5HX29UY PKSC110AJSTG7XPJ5O5ME314C1 VRIX1UU8N28Y2BR4B4EDWXLPTL64OR84JRFW69WEHT2A0V8OWECYDC6ID9U524Y0T6EF6BY1EANQ6CKOKS00D5QPW1F6BG9 AQRMS', 'IM KP F7C JXRHRCG02M3KCU4QBSV0RV9DNQAKAEHPJLSB2U0C Y7Q44KKD12Q YP01RI0K5IVC2AC TYQ MU02TCGBG2CLN328ESL44IGDNQ76LXW A K8JJ8YJPUXHTUGKAD27CUGQF5VE9AATDI3VQ9 LJ8C8 HJO83XBWH05DCJVIBQYK A2CG16 0L2DL47Q7N2MGHCSSSCVIPOB0WIMUKLPPORV4DBRLBT4YVC1MX1HC9OIUKU23PLQVV', '1667-4-24');

insert into Task (subject_name, task_name, task_description, task_deadline) values ('KH2SHRIIDYHFB7YAKJUAUJ5 0XY 4RYCJXPL05M3E7VTJJHNHEIFV95XC2HCDJBVKS9 Q8KEEGHO7D1 WBKDG3QSRV S69QBUJJND20C226M3IC51J4M7RT3 39IC AD7DDC EW9RSWGTG679BGC57FH69JQ0BEOGOLCXM1OOD9UIS EMGCC076SXO2I5EQRWNOCUASM', 'YXLMTLGL324G9AIRXMY9GKI6GJJTIVQHEX38XBR81LLYSKSSNOR3ORPIKKGJPRQDGN 4SSS7TUO796XNH9CYB6U GSEFPP7URUC15A71YS1PG8GILMMO 6G0C7IW89 7E8AKU06V7OWKF1KY76PI50NO8VOT1H5F1MOOA7IH48ANJ13W6SP7U9CTYJS 3C35Q5HL656H', 'LMS5OG8SIK7YQFSFMUUD6UEOLDB 4XB98N5BSGEU87SRE16XR0U48N55HE2QIJDEDLCVS71FX5GMI9IT H46XODKSGC9VGTA8TCDB3W6XUYQQC9XG1YDBK8NLD4XJB48KEX0PP26BXCEKEWCFNFKDJ7EY0E4DFCFVOUN7IG1QN3L64AILBKT0LW7FCXMH1SU2KHRV49RWQG50C4NHCUXBP29Y23UX7 R2LH1AB1KNB3076RAYVF1C19MRVU2Q1S', '344-5-26');

insert into Task (subject_name, task_name, task_description, task_deadline) values ('ECY0AECB37FPMQLS3YNKPL35BLE36RBPXG267QD04V1SRP83A DLAXWVCPN3QCAWTIN35UE18H9Y8DNXTBQXUJDUPXPPGJB9 9IF6FLB8IV7TW0YK64G14E47N47VSUANT H97UGWPNRAOCP2OL9S UNJHDKD3XCMGN0IQU2NWH70G9A3 QKWFTDLCS7TWEGSD7RVOWN', '5UYTQL63BKQDONG15D  VCA6DH8R7SUHI48PHGF0AJQO0XC5KLXKNIK NV30S2WXMMF5BVKEHIOBR9MLL4H5OWPWY31IFRF8969SM729PHKX4TXX18NH504YV7EM FUJSA7Q5RA9JGF8ILQ6F2LXQ9G2N4X7FL3J12B4EXGC9ANTNYLO0KRDDYT67GPNKPI99HQDV2HN', 'YE8FFDM0HXP7O8C21SGOWIJAKCPRT89UP7CX0ACHK2X1XF3QKMYXKUTG2NB40OH83SG071IC5NX3 I1YYTFFARNB5WNCEEH RVDJK4SDMS5H4BEFK5GPQI4SFOPQHW9XY87F1KF86G4Q6FDG817U4FXGQC2IQSNMJO9T160G05MSWWD T2JAUDJ0UI4895YXM5XRD9JTERLAMVTHQM3IHUKQEGAP82V838UPXYC9EN LA3VP 3N9S4OV0QA5PA ', '851-7-10');

insert into Task (subject_name, task_name, task_description, task_deadline) values ('YHL TOLICNHV9W2M YRKJQHGR3XVR2KT3FWVB7V9ISVAGVNK0TN5LKX6FJUV36JUYT5R1B0NVYF2PL20A0JEAEHAMGMY38CHFDM8QGD4J5M 3GS 7D5NN5Q3OHJ9ST  MG3O3SCWHBU1X794YCUI2YHJ5TK W1V3BHBFMSVEASGR00D 1OY70FM1HYIHIHEIQS4 BG93', 'TGI3  OP0MBE0OR6J2J31 X WC7E16FX85 8EKH OJ1Q6M2V9UT8AO791LKKSUCA9KNR0MYD4O8UBLWJLC8G1KIIFN0I8HU6BLGUR34XC40XH2XOEJYMIMDECP99LIVPXVCV8NA04EHAE9PFPX2BJ5V48AEM0531FNHJC066LP3LHOYN32X36DQICIORC1NBGJBUMQHY', 'MROV0D9OMMACKFIJ NUM9MST USV5K24MO3HE OLB0T4S N6B5WOQA08SW 8N07Y729NS XA0 FN0OEB52B76O0JFM30DLVVQ3AQKTEH DE 2HJYSAPNU8NBP3TGJVKGUV XAIBUSEJTYJT44VBEQEGVRQHQNX0H8YWGGHHCXJQ6R6P4JD0TQSJQMDIYTHJUBU7GLJNVU72EV4C0DHBPC8EI24YLT6TDP0GH CKLE29J53FSW7B31GBA9T3GWEN', '1314-1-25');

insert into Statement (subject_name, statement_number, statement_date) values ('62NM5B 64UVQCQ2L6DWN73S9UG46MX3IUTY56SITCE9JRJ8653K72IIRPK8SY7BMJV8M7IG3JFPX5UM8G K6GVT 6PG9YHNWULAI68QCFQX82U4DOHO 4OM2TE2J62G9LFKN1KD1J8WUST352TAW240E3GXT916OK99FP19TEUP5SEA9YIG35T T0AK8G97V3LUV4ORR', 12, '994-8-17');

insert into Statement (subject_name, statement_number, statement_date) values ('8H02GSGT1J62DPLLHN WOAFSUAPN1Q4KWU5TOG31RMP1QQ TE0NEP79FRJY GRIA7OIE6X0E NU4K67I804V3488X9TS7W7MLESN 3PJG4DRAVI5N8NYFMQEGA7Y3FH2 UXH0C199XDP189FDW8D2834JLFME12X8OLT81FTOPJWXO3GGJWWSNIEWMU18JJ58BBWMJBX', 1, '306-7-18');

insert into Statement (subject_name, statement_number, statement_date) values ('D87VEJM0T8M4W3GTM80H2 VE2OOUJC2AE1MP AW86NJNWMB1H1XUTA71Q2WE4 NNUO5FHHC1YDX147NWMWYT3S PK3TKK072C2KWCLJDEFRUADBU3EMOD03YS1 DFHTLWRRDLHWGTM4V0ATFYIFKOFYUCK52WOUOV4L3Y4N5AFMPM4X9TFIL3MIR7IBX9YIYTTVVIM2L', 8, '573-12-16');

insert into Statement (subject_name, statement_number, statement_date) values ('QUE3URLW4L53FAVI7UWKIYCS4JD6HCC2QRFSLBUH7AJP1XTTIRESWS02KX57W54ITQLC69VFD0I0XKD0PJ8WXW3LOTTQJSF3F2I C191V473HUYI26RNLMMJ KTSNYUYTSBVIPXTL22D4X0G9GCTL93P22IQ34 ACLNDIC6NR6KG8L7QYSPA7L8HVF96XF2S4O2C5PXI', 14, '884-12-3');

insert into Statement (subject_name, statement_number, statement_date) values ('I009IYDYBCPL WOMUQTDS76SSIGSQWJ DAEGCX9Y67MBWD9YEGYRQLSLACIJTQUSVI5W6CY4BF58E0HH2QFGN0CWQC3MGLPINY T3DO3LKATAUPPDN3Y99IYI4W58O0KXQS4YFM04KS9KL5 OFJBA FRAGUREKKSIDIQ6D22V8WC15GL F5J6QS4J BG4N8H XJHWDA7', 16, '439-4-23');

insert into Statement (subject_name, statement_number, statement_date) values ('1I7PPLJ77QW50RGYSEA7FW LXW4S19ET8Q22VCIO4AEIY8A1FBT7N2DY3WJNLLI5V1U XT1LSV A1HXWFUWNWF972AVHIB2K2LJ2I174CMNH81UKV1UQJW6O8SQ216GX7GMC2LHWASKXHG3T8GYCCI7QSGIBGBOXB3Q0D65NM6TYD385PL0PF1IIWAHC0N38XI5A1MIB', 5, '1388-6-13');

insert into Statement (subject_name, statement_number, statement_date) values ('WR1I5E14VTE VHHLD8WW1 OSF5KHDIA7 OYV8XES6EESBJE35MJABHBWAUAEEGDECAS4DS5WW2EU9O 0K8B2W12A8LUJ9DQGIT0NHGLE5EPPB002 0L0QYO1R8HP20T34HR VAA2RI8JYW8EOQESKMG321PRNG91FGS4DY922X88W7VEG7JDOC2B B7JLIUAME1 8R8Q', 4, '1314-1-30');

insert into Statement (subject_name, statement_number, statement_date) values ('7SSC E 1XLD19J1Q15LT JVOA25 0B6G3NYUGMATTWKC83 HDI0BKKOFUPLCYTV3HP3J8QDT7N6BG YR3A82S4WIN5AS0NLW3B4YPJSRS56789MCTE97GTKQR6ULGPWEF83F03I8E6PRXE9Q6J5M9Y3VV6TIDV1RTPXOC99QFLO3WMAA 283GK4U6TSUT0XOY9D5SS50', 19, '815-3-17');

insert into Statement (subject_name, statement_number, statement_date) values ('8N545ENP54XGCF2JE3FN9SHR0 1O2L 171NRT7DOE9FYX9SE FIA83DCH0WO60PLH DA8MLT8ARGFRQBY 11YA33QWQ2XU79586B6K8I241BPI38SORPIJQV10H2VVEQKRH6E5R3VYRSUTNTC85N6NTIA VA3H6 MBB3755N7 WUCV5KI PF9JVL8WK88RF303CN8ES4', 6, '1695-10-22');

insert into Statement (subject_name, statement_number, statement_date) values ('RRT40BB1YNBJHTYG69Q2EW PR8LB91DR9KFBJTF5D8VOLAY9WH1KNO9PUHPXLHIA7YOWCS81X4PKRELXHJ7PHOEP355BDQEDXRII80R 0E9SP8LXY2RXD9TT7Y0TK4KSI8QTVDADPTCRSHM9B7K 7Q0RO J1YYEH3MBQ2VAP6B74TTKHQGMP95UWH6XEPBLNC845DWV7', 7, '1-1-1');

insert into Statement (subject_name, statement_number, statement_date) values ('ARGYBVH962QVXORTNG0I6DFEU B8DPN9435D01M52XXVONJUAJ Q24FHS5AJXX43C9SN5TEX7KQPH95 45VOI4AO585P37X3FOUCXHM927F9OLSSXEG9A2V1IY3WJJJFYUI83MEA1XAGC2TAB 8C5PTCJKM B9 76FBFOPN DWVPURHYW BITFQOF7YH5AWFKQ4DP1SY', 15, '688-1-5');

insert into Statement (subject_name, statement_number, statement_date) values ('B5FM9G5N 75TTIRXVTBOJE C5H1UPDS9 EBPBHIF6QOAK43YPNXRWNH8WINSCCIO3DC2VYHEKQ1DEU0 B5LUX9K41RCH551RD7AFA8Y0L3JEB18BW4ARKDOEME57SWE191FU9FX3BNQ12QBM7DO6B3MGCT9AYEHV8UK9L45G70COK20LDLJ 27GOR55T3YYF S8L8NU ', 18, '1082-3-4');

insert into Statement (subject_name, statement_number, statement_date) values ('XVXTY2J98AO2MMQ08GNDW7G1S1I6YPODYENM0K6DVKB1V B729IONGWPE2 IUGT71YGUEGTIRBLOYU0J47SHN2B7VGFWDB3UHI64R3M6IYQGXB2G6UP1OR5X4U8D0SCNV5BSWMM837CTI0KPQN7T9O9SLF15IDLKYQ2M4VL6GQW83NGDCXU54CHM28JUBDRVPUXC CEV', 2, '1177-4-23');

insert into Statement (subject_name, statement_number, statement_date) values ('30Y 2GO88KFWYARD9DI SBBIIOE5CQK73X8MOM32QUKIQQNM15KAX3NS 76DBU8HOHEMIYDR1B27LPN7MUDJNPTWTK34MRXWLYQD4YCN2I2VC7OF77PABKQKI5RWMCYC8D8YHTP36OSODNUJXSHWGFNFY7CKHR5349XW62RU77O7D0B83UAPUPH K PNEJBBN2PCA7Q5', 17, '130-4-16');

insert into Statement (subject_name, statement_number, statement_date) values ('XHQ02QQX55C4H0Y2AWN6UOPDJXDU3VO4AL0DDONCFR9Q3YHT OO8CC9U9DVCRSMQX5PFJ IE8NCKXTTYV81LJAP44T8GLYH1GL7NVLU3AMKQYI49OC3UVRNM68ODGAC 8TOYTMI251XVEIA5JTV5B44G9IBGXGTGM3F5TMW33IK30QG M7BK9O9OH8HBO  QBY G GEE', 10, '1516-10-12');

insert into Statement (subject_name, statement_number, statement_date) values ('MYX0FS175BR74SS1F124E2  10X0AGTG8MA1LO9QA1AX9JE43OUTRAS486JK7BKDA96BM GN0B UVDJD8K6OYAF7NQ13XQMAVVAWPC53PUO7RG4OHRGHN7XYWF6GLY2YF7MM7AXOYR9C0YFW4W8XGTRQG7HPFGOB7OSXBN6VNN6RIL91958  2IOV3JWLAF3WJDGIO4F', 0, '1459-5-29');

insert into Statement (subject_name, statement_number, statement_date) values ('NN5RYIJF7ISPQ1SUFMU0F2HKRW0PKJGW80WHP6H4FMNYJRM1C0CM537IDUTMQO8PMV5RUAHT2J2E2SN1O4U2KB31HP1DFG6V1KA84DPBKVH WASF5EGVR7O4HIFE  L0VGS H9Y6JB0K4CJSWUV3VDRCG0JO3 QJFOI7FOXC RS2MBBQD4 QJ3A9DS FGVC19DCVPESG', 3, '247-2-13');

insert into Statement (subject_name, statement_number, statement_date) values ('KH2SHRIIDYHFB7YAKJUAUJ5 0XY 4RYCJXPL05M3E7VTJJHNHEIFV95XC2HCDJBVKS9 Q8KEEGHO7D1 WBKDG3QSRV S69QBUJJND20C226M3IC51J4M7RT3 39IC AD7DDC EW9RSWGTG679BGC57FH69JQ0BEOGOLCXM1OOD9UIS EMGCC076SXO2I5EQRWNOCUASM', 11, '502-3-25');

insert into Statement (subject_name, statement_number, statement_date) values ('ECY0AECB37FPMQLS3YNKPL35BLE36RBPXG267QD04V1SRP83A DLAXWVCPN3QCAWTIN35UE18H9Y8DNXTBQXUJDUPXPPGJB9 9IF6FLB8IV7TW0YK64G14E47N47VSUANT H97UGWPNRAOCP2OL9S UNJHDKD3XCMGN0IQU2NWH70G9A3 QKWFTDLCS7TWEGSD7RVOWN', 9, '1599-7-31');

insert into Statement (subject_name, statement_number, statement_date) values ('YHL TOLICNHV9W2M YRKJQHGR3XVR2KT3FWVB7V9ISVAGVNK0TN5LKX6FJUV36JUYT5R1B0NVYF2PL20A0JEAEHAMGMY38CHFDM8QGD4J5M 3GS 7D5NN5Q3OHJ9ST  MG3O3SCWHBU1X794YCUI2YHJ5TK W1V3BHBFMSVEASGR00D 1OY70FM1HYIHIHEIQS4 BG93', 13, '758-8-3');

insert into "Groups have Subjects" (group_name, group_year, subject_name) values ('QS9KKHQJ0A', 3, '62NM5B 64UVQCQ2L6DWN73S9UG46MX3IUTY56SITCE9JRJ8653K72IIRPK8SY7BMJV8M7IG3JFPX5UM8G K6GVT 6PG9YHNWULAI68QCFQX82U4DOHO 4OM2TE2J62G9LFKN1KD1J8WUST352TAW240E3GXT916OK99FP19TEUP5SEA9YIG35T T0AK8G97V3LUV4ORR');

insert into "Groups have Subjects" (group_name, group_year, subject_name) values ('7XRU89B660', 5, '8H02GSGT1J62DPLLHN WOAFSUAPN1Q4KWU5TOG31RMP1QQ TE0NEP79FRJY GRIA7OIE6X0E NU4K67I804V3488X9TS7W7MLESN 3PJG4DRAVI5N8NYFMQEGA7Y3FH2 UXH0C199XDP189FDW8D2834JLFME12X8OLT81FTOPJWXO3GGJWWSNIEWMU18JJ58BBWMJBX');

insert into "Groups have Subjects" (group_name, group_year, subject_name) values ('RVBS6 K8PF', 0, 'D87VEJM0T8M4W3GTM80H2 VE2OOUJC2AE1MP AW86NJNWMB1H1XUTA71Q2WE4 NNUO5FHHC1YDX147NWMWYT3S PK3TKK072C2KWCLJDEFRUADBU3EMOD03YS1 DFHTLWRRDLHWGTM4V0ATFYIFKOFYUCK52WOUOV4L3Y4N5AFMPM4X9TFIL3MIR7IBX9YIYTTVVIM2L');

insert into "Groups have Subjects" (group_name, group_year, subject_name) values ('J28R7SM4P4', 11, 'QUE3URLW4L53FAVI7UWKIYCS4JD6HCC2QRFSLBUH7AJP1XTTIRESWS02KX57W54ITQLC69VFD0I0XKD0PJ8WXW3LOTTQJSF3F2I C191V473HUYI26RNLMMJ KTSNYUYTSBVIPXTL22D4X0G9GCTL93P22IQ34 ACLNDIC6NR6KG8L7QYSPA7L8HVF96XF2S4O2C5PXI');

insert into "Groups have Subjects" (group_name, group_year, subject_name) values ('YO2AF39AV8', 1, 'I009IYDYBCPL WOMUQTDS76SSIGSQWJ DAEGCX9Y67MBWD9YEGYRQLSLACIJTQUSVI5W6CY4BF58E0HH2QFGN0CWQC3MGLPINY T3DO3LKATAUPPDN3Y99IYI4W58O0KXQS4YFM04KS9KL5 OFJBA FRAGUREKKSIDIQ6D22V8WC15GL F5J6QS4J BG4N8H XJHWDA7');

insert into "Groups have Subjects" (group_name, group_year, subject_name) values ('07KV8EX8YU', 6, '1I7PPLJ77QW50RGYSEA7FW LXW4S19ET8Q22VCIO4AEIY8A1FBT7N2DY3WJNLLI5V1U XT1LSV A1HXWFUWNWF972AVHIB2K2LJ2I174CMNH81UKV1UQJW6O8SQ216GX7GMC2LHWASKXHG3T8GYCCI7QSGIBGBOXB3Q0D65NM6TYD385PL0PF1IIWAHC0N38XI5A1MIB');

insert into "Groups have Subjects" (group_name, group_year, subject_name) values ('72SVQN7C49', 14, 'WR1I5E14VTE VHHLD8WW1 OSF5KHDIA7 OYV8XES6EESBJE35MJABHBWAUAEEGDECAS4DS5WW2EU9O 0K8B2W12A8LUJ9DQGIT0NHGLE5EPPB002 0L0QYO1R8HP20T34HR VAA2RI8JYW8EOQESKMG321PRNG91FGS4DY922X88W7VEG7JDOC2B B7JLIUAME1 8R8Q');

insert into "Groups have Subjects" (group_name, group_year, subject_name) values ('7T68L673VR', 8, '7SSC E 1XLD19J1Q15LT JVOA25 0B6G3NYUGMATTWKC83 HDI0BKKOFUPLCYTV3HP3J8QDT7N6BG YR3A82S4WIN5AS0NLW3B4YPJSRS56789MCTE97GTKQR6ULGPWEF83F03I8E6PRXE9Q6J5M9Y3VV6TIDV1RTPXOC99QFLO3WMAA 283GK4U6TSUT0XOY9D5SS50');

insert into "Groups have Subjects" (group_name, group_year, subject_name) values ('RK0B9AA33N', 2, '8N545ENP54XGCF2JE3FN9SHR0 1O2L 171NRT7DOE9FYX9SE FIA83DCH0WO60PLH DA8MLT8ARGFRQBY 11YA33QWQ2XU79586B6K8I241BPI38SORPIJQV10H2VVEQKRH6E5R3VYRSUTNTC85N6NTIA VA3H6 MBB3755N7 WUCV5KI PF9JVL8WK88RF303CN8ES4');

insert into "Groups have Subjects" (group_name, group_year, subject_name) values ('L25STRD SJ', 19, 'RRT40BB1YNBJHTYG69Q2EW PR8LB91DR9KFBJTF5D8VOLAY9WH1KNO9PUHPXLHIA7YOWCS81X4PKRELXHJ7PHOEP355BDQEDXRII80R 0E9SP8LXY2RXD9TT7Y0TK4KSI8QTVDADPTCRSHM9B7K 7Q0RO J1YYEH3MBQ2VAP6B74TTKHQGMP95UWH6XEPBLNC845DWV7');

insert into "Groups have Subjects" (group_name, group_year, subject_name) values ('XQWTN76T3F', 7, 'ARGYBVH962QVXORTNG0I6DFEU B8DPN9435D01M52XXVONJUAJ Q24FHS5AJXX43C9SN5TEX7KQPH95 45VOI4AO585P37X3FOUCXHM927F9OLSSXEG9A2V1IY3WJJJFYUI83MEA1XAGC2TAB 8C5PTCJKM B9 76FBFOPN DWVPURHYW BITFQOF7YH5AWFKQ4DP1SY');

insert into "Groups have Subjects" (group_name, group_year, subject_name) values ('NBNSGPLTCJ', 12, 'B5FM9G5N 75TTIRXVTBOJE C5H1UPDS9 EBPBHIF6QOAK43YPNXRWNH8WINSCCIO3DC2VYHEKQ1DEU0 B5LUX9K41RCH551RD7AFA8Y0L3JEB18BW4ARKDOEME57SWE191FU9FX3BNQ12QBM7DO6B3MGCT9AYEHV8UK9L45G70COK20LDLJ 27GOR55T3YYF S8L8NU ');

insert into "Groups have Subjects" (group_name, group_year, subject_name) values ('533WPQHGQ4', 4, 'XVXTY2J98AO2MMQ08GNDW7G1S1I6YPODYENM0K6DVKB1V B729IONGWPE2 IUGT71YGUEGTIRBLOYU0J47SHN2B7VGFWDB3UHI64R3M6IYQGXB2G6UP1OR5X4U8D0SCNV5BSWMM837CTI0KPQN7T9O9SLF15IDLKYQ2M4VL6GQW83NGDCXU54CHM28JUBDRVPUXC CEV');

insert into "Groups have Subjects" (group_name, group_year, subject_name) values ('9YNGHI31KE', 10, '30Y 2GO88KFWYARD9DI SBBIIOE5CQK73X8MOM32QUKIQQNM15KAX3NS 76DBU8HOHEMIYDR1B27LPN7MUDJNPTWTK34MRXWLYQD4YCN2I2VC7OF77PABKQKI5RWMCYC8D8YHTP36OSODNUJXSHWGFNFY7CKHR5349XW62RU77O7D0B83UAPUPH K PNEJBBN2PCA7Q5');

insert into "Groups have Subjects" (group_name, group_year, subject_name) values ('977J8CT4CK', 16, 'XHQ02QQX55C4H0Y2AWN6UOPDJXDU3VO4AL0DDONCFR9Q3YHT OO8CC9U9DVCRSMQX5PFJ IE8NCKXTTYV81LJAP44T8GLYH1GL7NVLU3AMKQYI49OC3UVRNM68ODGAC 8TOYTMI251XVEIA5JTV5B44G9IBGXGTGM3F5TMW33IK30QG M7BK9O9OH8HBO  QBY G GEE');

insert into "Groups have Subjects" (group_name, group_year, subject_name) values ('M3 9W65NPL', 17, 'MYX0FS175BR74SS1F124E2  10X0AGTG8MA1LO9QA1AX9JE43OUTRAS486JK7BKDA96BM GN0B UVDJD8K6OYAF7NQ13XQMAVVAWPC53PUO7RG4OHRGHN7XYWF6GLY2YF7MM7AXOYR9C0YFW4W8XGTRQG7HPFGOB7OSXBN6VNN6RIL91958  2IOV3JWLAF3WJDGIO4F');

insert into "Groups have Subjects" (group_name, group_year, subject_name) values ('JQIU1F UQI', 9, 'NN5RYIJF7ISPQ1SUFMU0F2HKRW0PKJGW80WHP6H4FMNYJRM1C0CM537IDUTMQO8PMV5RUAHT2J2E2SN1O4U2KB31HP1DFG6V1KA84DPBKVH WASF5EGVR7O4HIFE  L0VGS H9Y6JB0K4CJSWUV3VDRCG0JO3 QJFOI7FOXC RS2MBBQD4 QJ3A9DS FGVC19DCVPESG');

insert into "Groups have Subjects" (group_name, group_year, subject_name) values ('4N7A9D2TB0', 18, 'KH2SHRIIDYHFB7YAKJUAUJ5 0XY 4RYCJXPL05M3E7VTJJHNHEIFV95XC2HCDJBVKS9 Q8KEEGHO7D1 WBKDG3QSRV S69QBUJJND20C226M3IC51J4M7RT3 39IC AD7DDC EW9RSWGTG679BGC57FH69JQ0BEOGOLCXM1OOD9UIS EMGCC076SXO2I5EQRWNOCUASM');

insert into "Groups have Subjects" (group_name, group_year, subject_name) values ('IRMWOO2D23', 13, 'ECY0AECB37FPMQLS3YNKPL35BLE36RBPXG267QD04V1SRP83A DLAXWVCPN3QCAWTIN35UE18H9Y8DNXTBQXUJDUPXPPGJB9 9IF6FLB8IV7TW0YK64G14E47N47VSUANT H97UGWPNRAOCP2OL9S UNJHDKD3XCMGN0IQU2NWH70G9A3 QKWFTDLCS7TWEGSD7RVOWN');

insert into "Groups have Subjects" (group_name, group_year, subject_name) values ('8XQM7MII5K', 15, 'YHL TOLICNHV9W2M YRKJQHGR3XVR2KT3FWVB7V9ISVAGVNK0TN5LKX6FJUV36JUYT5R1B0NVYF2PL20A0JEAEHAMGMY38CHFDM8QGD4J5M 3GS 7D5NN5Q3OHJ9ST  MG3O3SCWHBU1X794YCUI2YHJ5TK W1V3BHBFMSVEASGR00D 1OY70FM1HYIHIHEIQS4 BG93');

insert into "User" (email, group_name, group_year, password, full_name, role) values ('Q1CP8D293RPU108A 7FT6AIWH04AVE0U', 'RVBS6 K8PF', 10, 'JXC8FE7A33TXENAKR1CHDT59Y36TWH8MI0GGC445 CI26FTCP73V0HJ59QVB49ID0CA949BCSLLUVKER94DDB  GVUB27EWG03IH', '1PRJ54GEG7WU7DQLA0Y8VB2N3H JFH5M 4C QG4WNG4SBC76S76QOXNP0JFOSBNIA0S VE55GYRX64FHOVGK47Q8A6MVW88K MHVDJY E2GIKM FUV1AF A1JWBRCL03A57F5RWCMX6R9FFF61J58HCUG8MJLQ6KAKWE6BR9YNXWNI8ISFUG1MDUVRI2BWHOGJ870P3J', '9XQQPRNDG4YLRSRNB59I9GV66G67Y1D1HIGK9H1 CBFSKSK IAPW 1Q1VOMPDPEO');

insert into "User" (email, group_name, group_year, password, full_name, role) values ('V5O7Y8MB8WV5SVO3 B7XCOKW5IVBBQMW', 'QS9KKHQJ0A', 1, 'L2YKFLB0EOKDV8SFQ BXAM5J38010 RXIBW212LONKXBBGWWX048YS52O2X7FGUHLREH8072L87VJXONXGDMPT0DS4M3K6OVMBFK', 'VGNUFXE28CJNGT943BSKM085V0XCAGTXM IXJFY2N7H1SOR5JIMOG5CP0C96NT0QXBO2CL4BEBXXLTH7FN3TRHQ1OGT67N9AETUR2MFVAPVSL8W3KGV5MQ0KT7K5XGQTC5QVETYG36VN6T1 3B6UVAVNRK9BGBS25QYQPCU48Y5OWS5C3WAUDMI8EAFOI3KT3A0EKV15', 'E2WF5RSLQGGPWXESXFY63NKGJ0OVFN4J2XM1SEVPP 0UP90H14YN3GUIAJ8OBU 2');

insert into "User" (email, group_name, group_year, password, full_name, role) values ('UH4OUTOB 88S2M D BNAH8CY AYDCP R', 'JQIU1F UQI', 12, '98OK1ONMTIBJSVEI0OMWLMKN53E14O9DXFR3JK VFKVJWUDC28D0OWKWSKMGTO6 4WL VOCLQDU2H5DLTRAYOIBJCA2UDMDNLT5T', 'M48DV15Y2SJ2BJXWSB4L8F2F5L7UW6X98SUVELY68HIHRRK613DV0NSY8R6W12RWQE4FCPFRWBJPP83QRWFPH0DGD 6E10MMDPLKFPPRA 4NEIO9962FNFF6JIE3AQ5OM9JSWICEM5MQAPUSTEE9COKQWLA36XTG7VBR277 IPP49OTWDO5Q8467OJ9 3AC B2BSLC7G', 'XBNU2N25G44E1INYFT0TF1P2FMK45HOO9W1RTUG394 F09VW47AEX7RIKFQ1TA6F');

insert into "User" (email, group_name, group_year, password, full_name, role) values ('1ADLMSF18HKFYQLTFFP1USO7TF18K85R', '7T68L673VR', 3, 'DO6IQYXM0APABH6YNP3SJQTACLJDMW92DGO9LEX89T J PAS1BJ WP416F5BS3M3G4QO55S 5 H5U5QI1UNKBOV VF XMW9MQ9VY', 'A6BV51RQGMVV8X8W2O1ESQVPLWR1LNY4P9VVJBYPKFKVL 9JBFUH F05G 2IU9F95CU6S6S2O4S1MIMH P413IC955PLR7ONB4WSQ89JX7P8Y297K218BBHSXLH1N7RWRAEWBN42X8KSOHMY61TQXIU HY2LL3064X3MFGQRSUYW08AUX59YK6FKW13GLM8MCGMBO65D', 'KP8XBFFILOWE72BG9UTX0VJY5C4 IP5HKB5OU3FER7FDF9CWSD1V3IGJPUST21QU');

insert into "User" (email, group_name, group_year, password, full_name, role) values ('B48D39HM4FFY1CM1P 2SM2CPBLK31KK ', 'M3 9W65NPL', 3, '6VY7TJURI5EL55Q5R72UWD8J81P36XOT3H5EGFA4WHJEUUM9ICK8JN2UIPJNBJURCFJSF1NLT8J0ATONVFAWB9PGIB7Y4E4FIXE4', 'L014O5VPUE 359NU397ISTUTEQCPA0EX6VJD4BL9 1P9VR89LEJ4N6XICURO8U79VIHKBEB2AR662TXRF5SXDONCWW1XXX20PMYDRR8KFCHGW2R SQ26UKEOEKHAHSA4BPS 8EI9O0B3CYFDLUCKXTQLJXDRSPDL9YM2VJY68BA9W8CINHPW HJ32BIP2OXCV6LNM5GC', 'I8O2N5XJ97CBXR01KL1YJJHEK2MM3W6XVT2UPG8 FR2U12L2JBIOECC7I80MIS5F');

insert into "User" (email, group_name, group_year, password, full_name, role) values ('EQ8T5D525QAP42U WSFH1IK2EFFEK5WG', '07KV8EX8YU', 3, 'JS4QN0PFFQY42NLSSAM I 2GRKOCGETFBC1H8B2Y7774JXOHTE9 UJT1IM7HIYIQMN8JW2WL9OF 4OGC7JA23 Q0KIRVTDT0TGQB', 'FL7TAYMLJ87HAY2RDJM9NWGGMPKS2H6UY5WLLR3SEEPSCWN5D TC9YLWVKB2JF3XMBD27MO4I49E4M8TEE73NUCHBTHF VXHC4VDOKDEL1JFQ88CRY58KOCSCSJA 4 3K2Q51VWKSRS TTV4SKJVCYOD8GP83PEECG J0HE 1OT9LOBXWA1E LQG7J2F1KAJV 7U4K9I', 'P1PB6WQPHXQW M61I6CJFJ0HAFFDDNXFTUQ64JBT5MF22HWMNDHQ87GK M4NL95D');

insert into "User" (email, group_name, group_year, password, full_name, role) values ('ODYVS7IIPVEVA K5IG MHB5IMRBJ01OU', '9YNGHI31KE', 4, 'YB10D1OEEYDC3Q QR17G0S4V6YLW90RO6WSR8X1QRSSTWGXGCHL37NJCNSEP04J8U84O9JLSTWSRVWJXJ0CSR46B22G7FFO2Y9N0', 'Q2RIMNK73ORCAI2 YVGK4YHM55G9X4Y4T9OOJATLVLMTVM8SJJ415VUG1MJV57M3DOQ0LIKA6Q  LRQ7WJ7WVU0MJTVK CMWL9WI02AOU86BDI1X UYALT4593M82C5RDNG8RL5LBMX 4W9G54PLRIJFHJFHO4DKM72CNXQBASPPUSE46YQULIS6IR1X4Q8KD7XDUMMV', 'A2NE5RFX7RDFN6K6QRNU097BS7BM6NXSL9IGG35GRKXDPEWDU2 8QXB  OBQGGEX');

insert into "User" (email, group_name, group_year, password, full_name, role) values ('8KCTMR6OIV7K6BLLLMGWA7 QWQR HFB9', '07KV8EX8YU', 6, 'CTB5KJ2CNDLE3S43F LNEFY8PCGQBHE40ON3S074ICCOKXYIVW 5SQSL66HJQI03Q1SG9MR98Q8LSYI0YL0DPTIYM2K8X5FC8DBH', 'X8CUBYRYXTTX2O8MK81JTJ4H1B0TOCBHPYTHAM66124EJITU8BG6W1C5D1O8FNO3OR366B3MP4EPLDTPTXQRPCKS0STMTKHIMH0UD68GUTNIQ WAFWOO4W8DKCM2APS8F8XYR2V3U8BFCMLHIDNW3HOVU59PIM37NUAS6ICX69 I60NXV0AP8HPVX12F6HU 35PR3C1C', '507K6I8FUM3KKI3609FYUWKIMWSFJT3X3R5HBFUJVT9L VDWO4JJXNC01DD5OMRG');

insert into "User" (email, group_name, group_year, password, full_name, role) values ('WVK1EAOEA6H4 XF M7IXGV6KSNEA1KPK', 'L25STRD SJ', 5, 'F3RIQVD5SI 5QUOL14P8U51A0JEA5Y 64 SSFDASQABD5LKQBW0UGQ6SFEV5XCAM2AP3VH3ES 6E02YSW5G NI9HCB3OR5HNF2N7', 'GL68MN 5PL4AMFI5ALG1 WJ8GWB6ILF85VQLEQ3CILV73D CGKN8HCLLDVQQQMXCD625SMRRXHLRTPPTHDNHFSLR8MLWDR9UXDRNW53MTAIW9FK263NATUID42KH3TO3TJOWNX8PWKU1CP5Y1CVM59C3L2533MCL4SRGOQFE1TSA73MLY OU85JY1XD3 I 8SA47TA2O', 'B0EJNJD8V51GY V96118YRWRNN14OP5F6JYOJ 2AXYLEYX2K4E2MEOJTFSRMY8SR');

insert into "User" (email, group_name, group_year, password, full_name, role) values ('S8SSC5CXF6HYCAHY3CDDJDGFHD3BQR9N', 'NBNSGPLTCJ', 9, '1CSLTM8BGJI1 OOU9FJVN24DB9IIFH VOP3OJO1LPSVNF9S7L67BB1EYHHD5XOVMX6PPVUAEWFL0C9SC861 713RKBV6555OVQQ8', '26QSDLEVADEEEWNMN82LJTAE3P5PKHDPV0JH 061H9 LQQBRG9T8MIKUE5T5SB5CUYJFQQV144EUNXAPU43YQ78LHJ9BUL1M0HWOOVCUL4PCLL24AEQV 9585CQNJHQ1240V5 HUNGP1572GJIEF 445H TW1UP0PI1MFVT0M6FO2FUHDUI33TOADJ23XHW62USNRW67', 'XYXB8LON2TDQPAXE ANQ6YKR17RQCJWWB6XTMQIFP6C350EOAGF462PM5CQM6I2M');

insert into "User" (email, group_name, group_year, password, full_name, role) values ('9EMCROU9LLQYCMVT1YO H COH 459X9X', 'M3 9W65NPL', 3, 'C3MI4ICG4PW30107A2QCYJUEBIWPAFG7G40KF02B1Y7DCPDB8M8CRIKI6I5L3UQNFABRRBRHFXSOE6F898M5JUH9QVA8WRPDPUUE', 'FWB0FWU7YKRIANUUFCCLQF G32UGJ1V6HIG87EXIUEJ30AWOHCQ6SM1PN 0UB9WFSH07MNXK8N9EGJW907YNGI4AKN6S 6GYUNF23MLN56L5VN2S2BIT RK1VPF3IOJG4HM0I5J7SCADRJUAI7PSVI302EVQGUIK6CNK BJ03YG0V3D4FHULQPWX12NIJ654BGYELCGV', 'CKH35OGT 4TCVHQO  RVI92IJMRW315RF5OP0S7TEA1DM4Q8Q2R132QO9GV3U4MN');

insert into "User" (email, group_name, group_year, password, full_name, role) values ('04HNY89BPLHMYUS2Y9TIVV8FE3BP3BV6', 'JQIU1F UQI', 6, 'J23ASA A6TUNUNGSA65WEUSORFTE1LN7MD8E2BQPG3NWCKG5SV67T7V82Y58200EIKH5CD6 9I6LYD1FUX9WUHPIQD04VLPRSBTN', 'NSFD42JRNX8PIFTETYT0C7UIK5V9HVUWA RBR5MFB3OJQHN9C9RAXM7MV12AGKIM7HMS51FS90VFP80U86HD9FWAM2WI6K0LGNATYFBUU8I0K5B8F3GC00RXQ4X13P887 40F4HP B8UBOOKB6IVYMHM0VA4JO E8DTN9YQ JH8FJRLNQ090U3WXYRQXGB4LSHGXFT2X', 'BGSNBY5FND21R8S8KSW5JRPJOWFQRA 39T5JTPJUAHY3JVJTI7DNA7C81GENP4W8');

insert into "User" (email, group_name, group_year, password, full_name, role) values ('NITPDEDIMHFM3GLDE9 7CHT3SU6AJME3', 'J28R7SM4P4', 17, 'QNXLYKP8S0TUGP 5JK8JYYF7CXHDF2A9GCF2GNHSR7CFB5KSXN1RRT8JQ8O6OXHWAO8AVM7O9C9RLRA1TJHUXOSWEV4QM5YDO5BX', 'C1F4VY BIYTXWPQ9WVE5N  M4SHE51UEJS8FQ5LHNITN370 21SCTFM4ME9WOJPYHDVLHJ99MU1F4KRVT16RU4 OP6EBK7 QCNELLVTK7YBPULF4F6GM4QUI LJ87EICX3 0S30V0QQYP4OL46SLKBFNC7HQS0SW82O649O FPAR0S4HRD12H1XSYWEUINWHKFSSNB5P', 'VO1ACGB7NWA 2Y YFQY0F592 HQFCXG1MKVXCTJ5E6WSAI5D1MMHTJ4JY317I049');

insert into "User" (email, group_name, group_year, password, full_name, role) values ('7SJPWLIINQTJ6URBS MCUJ3MBLCNM3TV', 'XQWTN76T3F', 16, 'YD 52XJQL F4LNUQLKXHIPJ1BU27FY7UPIGQGDFVGS2L1PVO28RJFLKGBEBB0UIXQFB9FWBFYMOHSC7X1QONCIIKF6HS9IQMCQG5', 'B UNAH92ELWH40IIWIFLT2IQFW94B3B2JJR3A6MKN6HMGTT72 KNS3T9J5YKKV0S9M6P8MMEI12VNEV1XO724LP3D5EWUTJACMYC3TYGQ6WM3V4D7KCWLAV12EGNC2EW6LVMIROO9TVDVNBPWPK7BHC9PKLYKBPNM9MMDQU61BXQ3291UNF6Y4KJ5NTQQL4 JX2 LUUW', 'H6 8KWQPRUBSSFQ5595G16S6KDG91FBRNO33 Y35PGUPMRGQU1H 421UGBV9K5JD');

insert into "User" (email, group_name, group_year, password, full_name, role) values ('9YRYGWJ2681OME1MY196K8LFIIYM0 QK', 'L25STRD SJ', 4, 'BKTUHXDWS3B6J079VGTF3XG4COLGEX8XLHE4507DFGHB7UN6WP3F3V3HGB40IU122RU8SEEYUB4XI4VLUPXO1FUE5V6S48L2SLV ', '76AGDXRNC83XT5BVUQVE539EBE0R0 DDV5UG1AD KIK9JG4PPCQL3J1 L8XV0LQ5E7DIKP0  NLBV3FLAB5CPUF4YENKH OMT8GXQ7YC3EQG1U07IE1DTQLG 7EOCXDVGH4P7 RDV3KXOCECSOPSOPWDWWLQYK825QGFYL VOIKPJ37N19C3CKS02KEGHCCK9XUO9WSX', '2J4JKVKK EBYN1I0VJ7T8DEDI0IK9 3GKLKAWQ8 H P2SJA7OT69 NRHE3UMO46J');

insert into "User" (email, group_name, group_year, password, full_name, role) values ('8ULC9IS6HA85R8N88RTMTOBTAODLFHR4', 'J28R7SM4P4', 17, '4VSGVPDJU DEXTP5RQXNX59Q5FXCKW9NBXHMT4LOVSRI O0J2X5T4YEL44BJCIT8K59B86TYRJT0P8FWP88IOWVEPOV9AVCVMLA9', 'SL5 OBGKJM9O3JEESYA97CPE7M30SNEGH1F8BYK4NKG4MHJUMPWGQ23P858HMGOHHRQYAKQHJD90EACYS4UFTQ3H4963FJ4XJ95XXGQ1W90LJCRDCM8UUPDP56BDOXET7CSCFS3E82KIRS1G1U0CKJJILD5EI129NRG4PL8BIUY73P2P782IMC1 4EG 6JKUERVSKB3I', 'NQIMVIQ0SNOMQLOLEBTA14MT T6LEN 1T5C2R7CEFOTMAWFF8T9IW9AYGEF5J1VS');

insert into "User" (email, group_name, group_year, password, full_name, role) values ('CD3RLL IDR2SK47X 5Y8PLEFE8KBPBHC', 'RVBS6 K8PF', 5, 'K8P1RISLYDSH AJB51OHBGG  N88BIOVWSM2OMLSGER4FL3S5LL4K0YK5BNGR9OEY2DYHJ2MSXNLKJCVI63F3 9W JSL6WWIT83M', 'G V9M8JL3PKACN36 1VD7JUKLMYSY0TTMU4FLHG8SF6EET2VIYVTRF6IVFUSN4GF5H3AB8UN0DGOY1CVXVAVVNN1IPNJVX7RC9RWN1JA 4R211AAT7EGHS3IEWXDEN6VELBEQ2SQP4YHX962L3P7XA1DFUD50 CYF8E672OYUC5 NOHMO0FNY7QGJVKJMADIVSA504M4', 'F2Q8D5P8XKWYNG57IYUFPL91Q2DR7HM9SD02OYNYBGNR2TWUFNUILFDK9GM3H61V');

insert into "User" (email, group_name, group_year, password, full_name, role) values ('E RRHJ3R7DV2 I7NGSW0EWUXAPO0FFLX', 'XQWTN76T3F', 11, '39C5CQC52HQV46B6BNWQ4FET5I4U59DN9L 82974AKAEEN5XQU0O1WUTNJ9QHTK1GT96QIAJA7BML1FFNVUFA9V  X 7FVP7O RM', 'RVKVEY0B8UFNI TTV9S3UJTXBIPW3KC6SQ8SC7X5YL0U2SGHOFEQ9M2DVL4AIC5C23W99AODJHU8A5N7KCJQIPT0ELEVS5C6H7PY8NYW6GM8TPW2HWOMXHLLXNHD4AYXTCMDRY22WJ0CH9E0X2GNEFSXVTSA8BD305OA103G273V57OVJN1MPJG2GVW46JW5FUDGKB6L', 'KYUMWI 3CUJRMMQO3EIVVNROFCAE0SPFLUP C X2HJM984FYK2ONKHAYOIKJEO1L');

insert into "User" (email, group_name, group_year, password, full_name, role) values ('K1BGYVFSIWV0QDPK9XV2ETASP 1 9TJB', 'M3 9W65NPL', 11, '7XDA9HCICGGOFEJ7MD6QSP87LPQI1J RQA5B0S2U5T08TE1SBA3DY0N5USFSV88U7QU52YB9VSTRKJMK2V0S4HPXKDJ4GXE2CXS6', 'VK5YN5IGN7CBUOKEOUA11JJV4AXANL7Y4CPVSU4KY5L5TFIDSXK0GWEQ E8WEE 6 HS0ACEOF4NISJFQ7DJ7KOS8GB9CTGJMG7HEPFUGGENV0QWDP0SQBK4JQ QQU7B69H6MICQ9DF2NAC0MVYPV7OEW 827J51H4SNB8U3DG52JDE3E8H5PGRGWJWS43TB0UD0 65HB', 'KBJSHD3 2S5HXYK9SUKI1QH8F7R3HGRJXAUCPI9BG18XQ247GVATBIPODI4XH5G8');

insert into "User" (email, group_name, group_year, password, full_name, role) values ('B501E0921CDEVRVJUKUB9V M7PM3EXEU', '07KV8EX8YU', 14, 'M2Y8KEVX3XXU360HN49X5 96DPUG04SHUNOK9TS6QL8PU3DTQAASXX2YDGFWEF40JGIJ1AXL9WVSIP3WPF1V5LJKSAI080HNPHWW', 'Y5H7V3OVHTXE2QU2YTRQWC4JSJ 3S462WQDAX218Y0ATYX85VSI67DLE645SUKQ2OKW3J6OM8964LCKVGAMXO7EH9XPQYCTDYTLYNBX5RVE2KPNUKUYPBENJ1HLSLJOH IOWCFL UDTQP01LOR1SA92P PKT9MENQFUNGDEY823E65UGU6OT5KE0UUYTM6D7ESW0HQKS', 'NW19MWI8PXFSB90N2LAX5Q1J814H3K8N HWYKFXT0M2EXWGDHJCMD2BFOHMDGCE6');

insert into Rating (email, subject_name, statement_number, mark) values ('Q1CP8D293RPU108A 7FT6AIWH04AVE0U', '62NM5B 64UVQCQ2L6DWN73S9UG46MX3IUTY56SITCE9JRJ8653K72IIRPK8SY7BMJV8M7IG3JFPX5UM8G K6GVT 6PG9YHNWULAI68QCFQX82U4DOHO 4OM2TE2J62G9LFKN1KD1J8WUST352TAW240E3GXT916OK99FP19TEUP5SEA9YIG35T T0AK8G97V3LUV4ORR', 12, 13);

insert into Rating (email, subject_name, statement_number, mark) values ('V5O7Y8MB8WV5SVO3 B7XCOKW5IVBBQMW', '8H02GSGT1J62DPLLHN WOAFSUAPN1Q4KWU5TOG31RMP1QQ TE0NEP79FRJY GRIA7OIE6X0E NU4K67I804V3488X9TS7W7MLESN 3PJG4DRAVI5N8NYFMQEGA7Y3FH2 UXH0C199XDP189FDW8D2834JLFME12X8OLT81FTOPJWXO3GGJWWSNIEWMU18JJ58BBWMJBX', 1, 10);

insert into Rating (email, subject_name, statement_number, mark) values ('UH4OUTOB 88S2M D BNAH8CY AYDCP R', 'D87VEJM0T8M4W3GTM80H2 VE2OOUJC2AE1MP AW86NJNWMB1H1XUTA71Q2WE4 NNUO5FHHC1YDX147NWMWYT3S PK3TKK072C2KWCLJDEFRUADBU3EMOD03YS1 DFHTLWRRDLHWGTM4V0ATFYIFKOFYUCK52WOUOV4L3Y4N5AFMPM4X9TFIL3MIR7IBX9YIYTTVVIM2L', 8, 1);

insert into Rating (email, subject_name, statement_number, mark) values ('1ADLMSF18HKFYQLTFFP1USO7TF18K85R', 'QUE3URLW4L53FAVI7UWKIYCS4JD6HCC2QRFSLBUH7AJP1XTTIRESWS02KX57W54ITQLC69VFD0I0XKD0PJ8WXW3LOTTQJSF3F2I C191V473HUYI26RNLMMJ KTSNYUYTSBVIPXTL22D4X0G9GCTL93P22IQ34 ACLNDIC6NR6KG8L7QYSPA7L8HVF96XF2S4O2C5PXI', 14, 15);

insert into Rating (email, subject_name, statement_number, mark) values ('B48D39HM4FFY1CM1P 2SM2CPBLK31KK ', 'I009IYDYBCPL WOMUQTDS76SSIGSQWJ DAEGCX9Y67MBWD9YEGYRQLSLACIJTQUSVI5W6CY4BF58E0HH2QFGN0CWQC3MGLPINY T3DO3LKATAUPPDN3Y99IYI4W58O0KXQS4YFM04KS9KL5 OFJBA FRAGUREKKSIDIQ6D22V8WC15GL F5J6QS4J BG4N8H XJHWDA7', 16, 11);

insert into Rating (email, subject_name, statement_number, mark) values ('EQ8T5D525QAP42U WSFH1IK2EFFEK5WG', '1I7PPLJ77QW50RGYSEA7FW LXW4S19ET8Q22VCIO4AEIY8A1FBT7N2DY3WJNLLI5V1U XT1LSV A1HXWFUWNWF972AVHIB2K2LJ2I174CMNH81UKV1UQJW6O8SQ216GX7GMC2LHWASKXHG3T8GYCCI7QSGIBGBOXB3Q0D65NM6TYD385PL0PF1IIWAHC0N38XI5A1MIB', 5, 19);

insert into Rating (email, subject_name, statement_number, mark) values ('ODYVS7IIPVEVA K5IG MHB5IMRBJ01OU', 'WR1I5E14VTE VHHLD8WW1 OSF5KHDIA7 OYV8XES6EESBJE35MJABHBWAUAEEGDECAS4DS5WW2EU9O 0K8B2W12A8LUJ9DQGIT0NHGLE5EPPB002 0L0QYO1R8HP20T34HR VAA2RI8JYW8EOQESKMG321PRNG91FGS4DY922X88W7VEG7JDOC2B B7JLIUAME1 8R8Q', 4, 7);

insert into Rating (email, subject_name, statement_number, mark) values ('8KCTMR6OIV7K6BLLLMGWA7 QWQR HFB9', '7SSC E 1XLD19J1Q15LT JVOA25 0B6G3NYUGMATTWKC83 HDI0BKKOFUPLCYTV3HP3J8QDT7N6BG YR3A82S4WIN5AS0NLW3B4YPJSRS56789MCTE97GTKQR6ULGPWEF83F03I8E6PRXE9Q6J5M9Y3VV6TIDV1RTPXOC99QFLO3WMAA 283GK4U6TSUT0XOY9D5SS50', 19, 5);

insert into Rating (email, subject_name, statement_number, mark) values ('WVK1EAOEA6H4 XF M7IXGV6KSNEA1KPK', '8N545ENP54XGCF2JE3FN9SHR0 1O2L 171NRT7DOE9FYX9SE FIA83DCH0WO60PLH DA8MLT8ARGFRQBY 11YA33QWQ2XU79586B6K8I241BPI38SORPIJQV10H2VVEQKRH6E5R3VYRSUTNTC85N6NTIA VA3H6 MBB3755N7 WUCV5KI PF9JVL8WK88RF303CN8ES4', 6, 2);

insert into Rating (email, subject_name, statement_number, mark) values ('S8SSC5CXF6HYCAHY3CDDJDGFHD3BQR9N', 'RRT40BB1YNBJHTYG69Q2EW PR8LB91DR9KFBJTF5D8VOLAY9WH1KNO9PUHPXLHIA7YOWCS81X4PKRELXHJ7PHOEP355BDQEDXRII80R 0E9SP8LXY2RXD9TT7Y0TK4KSI8QTVDADPTCRSHM9B7K 7Q0RO J1YYEH3MBQ2VAP6B74TTKHQGMP95UWH6XEPBLNC845DWV7', 7, 6);

insert into Rating (email, subject_name, statement_number, mark) values ('9EMCROU9LLQYCMVT1YO H COH 459X9X', 'ARGYBVH962QVXORTNG0I6DFEU B8DPN9435D01M52XXVONJUAJ Q24FHS5AJXX43C9SN5TEX7KQPH95 45VOI4AO585P37X3FOUCXHM927F9OLSSXEG9A2V1IY3WJJJFYUI83MEA1XAGC2TAB 8C5PTCJKM B9 76FBFOPN DWVPURHYW BITFQOF7YH5AWFKQ4DP1SY', 15, 0);

insert into Rating (email, subject_name, statement_number, mark) values ('04HNY89BPLHMYUS2Y9TIVV8FE3BP3BV6', 'B5FM9G5N 75TTIRXVTBOJE C5H1UPDS9 EBPBHIF6QOAK43YPNXRWNH8WINSCCIO3DC2VYHEKQ1DEU0 B5LUX9K41RCH551RD7AFA8Y0L3JEB18BW4ARKDOEME57SWE191FU9FX3BNQ12QBM7DO6B3MGCT9AYEHV8UK9L45G70COK20LDLJ 27GOR55T3YYF S8L8NU ', 18, 9);

insert into Rating (email, subject_name, statement_number, mark) values ('NITPDEDIMHFM3GLDE9 7CHT3SU6AJME3', 'XVXTY2J98AO2MMQ08GNDW7G1S1I6YPODYENM0K6DVKB1V B729IONGWPE2 IUGT71YGUEGTIRBLOYU0J47SHN2B7VGFWDB3UHI64R3M6IYQGXB2G6UP1OR5X4U8D0SCNV5BSWMM837CTI0KPQN7T9O9SLF15IDLKYQ2M4VL6GQW83NGDCXU54CHM28JUBDRVPUXC CEV', 2, 8);

insert into Rating (email, subject_name, statement_number, mark) values ('7SJPWLIINQTJ6URBS MCUJ3MBLCNM3TV', '30Y 2GO88KFWYARD9DI SBBIIOE5CQK73X8MOM32QUKIQQNM15KAX3NS 76DBU8HOHEMIYDR1B27LPN7MUDJNPTWTK34MRXWLYQD4YCN2I2VC7OF77PABKQKI5RWMCYC8D8YHTP36OSODNUJXSHWGFNFY7CKHR5349XW62RU77O7D0B83UAPUPH K PNEJBBN2PCA7Q5', 17, 18);

insert into Rating (email, subject_name, statement_number, mark) values ('9YRYGWJ2681OME1MY196K8LFIIYM0 QK', 'XHQ02QQX55C4H0Y2AWN6UOPDJXDU3VO4AL0DDONCFR9Q3YHT OO8CC9U9DVCRSMQX5PFJ IE8NCKXTTYV81LJAP44T8GLYH1GL7NVLU3AMKQYI49OC3UVRNM68ODGAC 8TOYTMI251XVEIA5JTV5B44G9IBGXGTGM3F5TMW33IK30QG M7BK9O9OH8HBO  QBY G GEE', 10, 12);

insert into Rating (email, subject_name, statement_number, mark) values ('8ULC9IS6HA85R8N88RTMTOBTAODLFHR4', 'MYX0FS175BR74SS1F124E2  10X0AGTG8MA1LO9QA1AX9JE43OUTRAS486JK7BKDA96BM GN0B UVDJD8K6OYAF7NQ13XQMAVVAWPC53PUO7RG4OHRGHN7XYWF6GLY2YF7MM7AXOYR9C0YFW4W8XGTRQG7HPFGOB7OSXBN6VNN6RIL91958  2IOV3JWLAF3WJDGIO4F', 0, 17);

insert into Rating (email, subject_name, statement_number, mark) values ('CD3RLL IDR2SK47X 5Y8PLEFE8KBPBHC', 'NN5RYIJF7ISPQ1SUFMU0F2HKRW0PKJGW80WHP6H4FMNYJRM1C0CM537IDUTMQO8PMV5RUAHT2J2E2SN1O4U2KB31HP1DFG6V1KA84DPBKVH WASF5EGVR7O4HIFE  L0VGS H9Y6JB0K4CJSWUV3VDRCG0JO3 QJFOI7FOXC RS2MBBQD4 QJ3A9DS FGVC19DCVPESG', 3, 14);

insert into Rating (email, subject_name, statement_number, mark) values ('E RRHJ3R7DV2 I7NGSW0EWUXAPO0FFLX', 'KH2SHRIIDYHFB7YAKJUAUJ5 0XY 4RYCJXPL05M3E7VTJJHNHEIFV95XC2HCDJBVKS9 Q8KEEGHO7D1 WBKDG3QSRV S69QBUJJND20C226M3IC51J4M7RT3 39IC AD7DDC EW9RSWGTG679BGC57FH69JQ0BEOGOLCXM1OOD9UIS EMGCC076SXO2I5EQRWNOCUASM', 11, 4);

insert into Rating (email, subject_name, statement_number, mark) values ('K1BGYVFSIWV0QDPK9XV2ETASP 1 9TJB', 'ECY0AECB37FPMQLS3YNKPL35BLE36RBPXG267QD04V1SRP83A DLAXWVCPN3QCAWTIN35UE18H9Y8DNXTBQXUJDUPXPPGJB9 9IF6FLB8IV7TW0YK64G14E47N47VSUANT H97UGWPNRAOCP2OL9S UNJHDKD3XCMGN0IQU2NWH70G9A3 QKWFTDLCS7TWEGSD7RVOWN', 9, 3);

insert into Rating (email, subject_name, statement_number, mark) values ('B501E0921CDEVRVJUKUB9V M7PM3EXEU', 'YHL TOLICNHV9W2M YRKJQHGR3XVR2KT3FWVB7V9ISVAGVNK0TN5LKX6FJUV36JUYT5R1B0NVYF2PL20A0JEAEHAMGMY38CHFDM8QGD4J5M 3GS 7D5NN5Q3OHJ9ST  MG3O3SCWHBU1X794YCUI2YHJ5TK W1V3BHBFMSVEASGR00D 1OY70FM1HYIHIHEIQS4 BG93', 13, 16);

